{"sun_color":[1.0,0.8,0.6],"sky_color":[0.1,0.2,0.3],"sun_dir":[0.33485538,-0.8610567,0.3826919]}