{"sun_color":[0.5,0.45,0.4],"sky_color":[0.2,0.3,0.4],"sun_dir":[0.25916052,-0.8638684,0.4319342]}