{"sun_color":[1.0,0.95,0.9],"sky_color":[0.5,0.55,0.6],"sun_dir":[0.25916052,-0.8638684,0.4319342]}