{"sun_color":[1.0,0.9,0.8],"sky_color":[0.1,0.2,0.3],"sun_dir":[0.4319342,-0.8638684,-0.25916052]}