{"sun_color":[0.3,0.2,0.1],"sky_color":[0.1,0.2,0.3],"sun_dir":[0.5581456,-0.2790728,0.7814038]}