{"sun_color":[0.7,0.65,0.6],"sky_color":[0.45,0.5,0.6],"sun_dir":[0.25916052,-0.8638684,0.4319342]}